wage,hours,IQ,educ,exper,tenure,age,married,black,south,urban,sibs,brthord,meduc,feduc
769,40,93,12,11,2,31,1,0,0,1,1,2,8,8
808,50,119,18,11,16,37,1,0,0,1,1,,14,14
825,40,108,14,11,9,33,1,0,0,1,1,2,14,14
650,40,96,12,13,7,32,1,0,0,1,4,3,12,12
562,40,74,11,14,5,34,1,0,0,1,10,6,6,11
1400,40,116,16,14,2,35,1,1,0,1,1,2,8,
600,40,91,10,13,0,30,0,0,0,1,1,2,8,8
1081,40,114,18,8,14,38,1,0,0,1,2,3,8,
1154,45,111,15,13,1,36,1,0,0,0,2,3,14,5
1000,40,95,12,16,16,36,1,0,0,1,1,1,12,11
930,43,132,18,8,13,38,1,0,0,0,1,1,13,14
921,38,102,14,9,11,33,1,0,0,0,1,2,16,
900,45,125,15,4,3,30,0,0,0,0,2,,12,12
1318,38,119,16,7,2,28,1,0,0,1,3,1,10,10
1792,40,118,16,9,9,34,1,0,0,1,1,1,12,12
958,50,105,10,17,2,35,1,0,0,1,1,2,6,8
1360,45,109,15,6,9,36,1,0,0,1,3,3,12,10
850,40,72,11,19,10,38,1,0,0,1,2,3,10,8
830,44,105,14,4,7,29,1,0,0,1,3,1,12,
471,44,101,12,13,7,31,1,0,0,1,3,2,8,
1275,40,123,14,9,1,31,1,0,0,1,0,1,12,
1615,50,113,16,10,4,36,1,0,0,1,2,1,12,12
873,65,95,12,14,3,38,1,0,0,1,5,1,10,10
2137,45,145,16,17,8,38,1,0,0,1,2,1,12,12
1053,38,114,16,12,7,32,1,0,0,1,0,1,11,11
1602,60,124,16,8,9,29,1,0,0,1,3,1,16,16
1188,40,93,13,16,5,35,1,0,0,1,2,1,12,8
800,40,115,18,11,1,35,1,0,1,1,0,1,8,8
1417,48,125,17,9,4,34,1,0,0,1,3,1,13,12
635,40,128,18,8,13,36,0,0,0,1,2,1,16,16
1000,40,103,12,17,2,34,1,0,0,1,1,1,8,
1424,50,98,14,15,4,35,1,0,0,1,1,1,12,12
2668,75,108,13,12,2,32,1,0,1,1,1,2,12,12
666,75,129,18,8,12,38,1,0,0,0,2,1,18,18
1779,40,132,17,8,9,32,1,0,0,1,1,1,17,14
782,40,92,13,9,10,31,1,0,0,1,3,3,8,
1572,35,108,14,7,5,28,1,1,0,1,1,,12,8
1274,40,106,13,11,12,31,1,0,0,1,0,1,15,12
714,35,105,16,9,2,29,1,0,0,1,1,2,13,12
1081,40,123,18,11,7,36,1,0,0,0,1,1,12,12
692,40,108,12,21,11,38,1,0,0,1,3,1,8,7
1318,38,122,17,10,9,33,1,0,0,1,1,,12,8
1239,45,109,12,16,4,38,1,0,0,1,3,3,12,
1027,27,100,13,12,15,38,1,0,0,1,3,3,10,9
1748,55,125,18,12,12,34,1,0,0,1,1,2,14,15
981,40,122,14,9,15,35,0,0,0,1,3,2,12,
770,40,105,17,7,11,30,1,0,0,1,3,1,12,12
1154,50,94,16,11,5,33,1,0,0,1,1,,12,12
1155,40,102,12,16,5,34,1,0,0,1,1,2,12,
808,60,109,13,14,12,38,1,0,0,1,2,2,12,10
1100,40,105,12,22,14,38,1,0,0,1,1,1,12,12
1154,40,134,18,10,10,37,1,0,1,1,2,1,12,12
1749,40,108,12,13,9,29,0,0,0,1,7,1,12,9
1000,50,104,16,11,8,30,1,0,0,1,1,1,12,11
462,40,112,12,11,1,29,1,0,0,1,8,3,12,
769,55,120,18,8,12,32,0,0,0,1,1,1,11,8
875,50,124,16,9,3,31,0,0,0,0,2,2,17,16
1375,40,103,12,12,7,29,1,0,0,1,4,2,12,10
1452,45,115,17,1,7,30,1,0,0,1,3,1,12,14
800,40,96,12,17,12,35,1,0,0,1,1,2,6,8
1748,55,123,17,10,7,36,1,0,0,1,1,1,12,12
1151,40,98,12,12,12,29,1,0,0,1,3,4,12,8
840,50,96,12,18,13,35,1,0,0,1,2,1,12,8
978,45,89,12,17,2,38,1,0,0,1,0,1,12,
963,40,109,12,15,15,37,0,0,0,0,5,,,7
619,42,93,12,10,10,28,0,0,0,1,8,,9,11
442,60,82,12,12,0,33,1,0,0,1,2,3,12,9
600,40,120,15,12,1,38,1,0,0,0,3,4,12,
1366,38,122,12,15,15,32,1,0,0,1,1,2,12,
1643,48,117,18,8,2,33,1,0,0,1,2,2,12,18
1455,40,109,16,8,13,36,1,0,0,1,1,2,8,8
2310,40,114,18,12,7,38,1,0,0,1,2,,12,16
1682,45,126,16,10,11,31,1,0,0,1,1,1,12,16
1235,40,82,12,10,2,33,1,0,0,1,1,1,11,11
855,45,119,16,11,4,32,1,0,0,1,3,1,12,9
1072,42,104,16,6,8,35,1,0,0,1,2,2,12,6
1040,40,115,15,8,15,35,1,0,0,1,3,4,,11
1000,50,97,12,17,15,36,1,0,0,1,1,2,12,12
675,40,105,15,8,2,31,1,0,0,0,3,,14,12
1100,37,100,12,14,1,30,1,0,0,1,1,2,7,7
996,50,114,12,5,14,31,1,0,0,1,2,1,12,10
732,40,73,10,17,5,36,1,0,0,1,5,6,,
1200,40,96,11,15,3,37,1,0,0,1,4,3,8,8
1694,30,113,15,9,8,29,0,0,0,1,3,1,12,16
686,55,106,10,15,3,36,1,0,1,1,4,5,14,10
754,40,104,13,9,5,32,1,0,0,1,1,2,8,
857,35,80,10,14,15,33,1,0,0,1,2,1,,12
832,50,104,13,4,2,30,1,0,0,1,1,2,12,8
579,44,122,13,8,1,30,1,0,0,0,4,1,16,16
672,61,96,12,13,3,34,1,0,0,1,2,,12,13
2500,40,95,15,12,9,36,1,0,0,1,3,1,16,16
1076,45,105,12,5,8,31,0,0,0,1,1,1,16,17
750,40,94,12,16,3,37,1,1,0,1,7,3,8,8
1186,30,91,17,8,9,33,1,0,0,1,1,1,12,14
833,48,96,16,9,7,31,1,0,0,1,4,4,12,14
650,40,69,12,14,11,30,1,1,0,1,3,4,10,9
1250,46,110,12,5,16,38,1,0,0,0,1,1,,12
1122,48,111,15,12,9,31,1,0,0,1,3,1,9,12
865,40,110,16,1,11,31,1,0,0,1,3,1,9,12
808,40,97,16,10,7,29,1,0,0,1,3,3,9,12
1299,60,125,18,6,12,35,0,0,0,1,1,2,8,8
903,40,91,12,6,12,36,1,0,0,1,5,4,9,10
900,40,86,12,17,15,37,1,0,0,1,5,3,8,10
625,40,110,12,18,0,35,1,0,0,1,4,1,9,8
1586,40,92,14,16,1,36,1,0,1,1,4,4,12,
962,40,85,10,15,16,38,1,0,0,1,1,2,9,12
1539,45,120,17,7,8,34,1,0,0,1,1,1,8,8
1110,52,106,12,11,6,33,1,0,0,0,5,2,12,12
1282,45,112,16,6,6,31,0,0,1,1,2,2,12,12
770,48,91,12,13,2,38,1,0,0,1,1,2,10,8
1000,45,90,12,16,0,38,1,0,0,1,6,3,10,12
895,40,86,9,17,16,38,1,1,0,0,2,,,12
1205,40,86,10,13,0,32,1,1,0,1,5,5,8,
750,40,113,12,11,10,29,1,0,0,0,1,,12,12
654,50,111,13,5,16,38,1,0,0,1,3,3,12,9
601,48,111,12,15,3,33,1,0,0,1,0,1,12,12
600,40,106,13,10,11,28,1,0,0,1,6,,8,7
433,40,98,12,11,10,30,0,0,0,1,1,1,12,11
1188,40,105,12,11,7,30,1,0,0,1,3,1,12,10
635,40,105,12,15,15,33,1,0,0,0,2,2,10,
1225,40,118,13,9,14,32,1,0,0,1,0,1,12,9
1151,45,90,12,19,19,36,1,0,0,1,1,1,12,8
865,40,95,12,15,11,32,0,0,0,1,3,1,9,8
1031,40,112,14,9,5,29,1,0,0,1,4,2,12,12
1049,55,120,12,9,11,32,1,0,0,1,3,2,12,10
1000,45,123,12,12,1,29,1,0,0,1,3,3,12,10
1105,40,103,13,10,11,30,1,0,0,1,1,1,16,15
1924,50,121,18,11,7,35,1,0,0,1,3,1,16,18
1346,40,90,16,9,16,38,1,0,0,1,1,1,12,12
809,65,125,12,11,10,29,1,0,0,1,0,1,12,12
1495,45,109,18,10,3,32,1,0,0,1,3,1,9,8
1346,50,128,16,10,1,33,0,0,0,0,3,1,10,9
1200,40,97,12,10,4,31,1,0,0,1,3,1,12,12
500,40,96,12,6,0,33,1,0,1,1,4,4,12,12
1325,45,97,12,12,5,28,1,0,0,1,1,2,12,8
900,40,78,12,16,5,33,1,1,0,1,4,1,7,6
800,40,112,12,15,3,34,1,0,0,1,6,4,7,
800,40,88,12,16,7,38,1,0,0,1,3,2,2,5
1034,40,97,12,15,16,36,1,0,0,1,14,10,14,11
980,40,101,12,4,12,36,1,0,0,1,1,,6,9
884,40,106,10,19,12,34,1,0,0,1,2,1,7,10
480,40,59,10,11,5,34,0,0,0,1,0,1,8,6
923,40,105,18,7,14,34,1,0,0,1,1,1,12,12
513,45,119,17,8,5,31,0,0,0,1,1,1,12,8
1105,40,93,11,17,16,37,0,0,0,1,2,2,8,8
1193,50,82,12,19,10,36,1,0,1,1,0,1,12,
2771,50,134,18,6,7,34,1,0,0,1,4,3,16,16
779,40,84,12,9,6,30,1,0,0,1,0,1,8,12
950,60,98,11,13,6,31,1,0,0,1,2,1,12,12
1394,40,118,16,11,8,30,1,0,0,0,2,1,13,12
1495,45,113,17,13,9,33,1,0,0,1,3,3,12,8
650,40,100,12,4,3,28,1,0,0,1,6,2,9,11
670,40,93,13,9,5,29,1,0,0,1,2,,12,12
1126,40,119,16,5,8,32,1,0,0,1,1,1,12,10
450,64,67,12,11,1,33,0,1,0,1,6,1,11,4
1028,40,111,12,19,12,37,1,1,1,1,3,4,12,
2404,50,106,15,8,0,32,1,0,0,1,2,1,12,12
1899,40,127,18,9,14,36,0,0,0,1,0,1,10,
757,40,113,16,10,9,33,1,0,0,1,2,1,12,12
1250,40,115,14,9,1,29,1,0,0,1,2,2,12,12
1162,48,102,16,8,11,31,1,0,0,1,3,2,12,
1025,40,85,15,9,13,29,1,1,0,1,6,1,14,12
1100,50,117,16,11,12,32,1,0,0,0,0,1,12,10
714,35,125,16,7,5,28,1,0,0,1,4,1,10,10
1318,35,118,16,16,17,37,1,0,0,0,1,1,8,12
1411,45,121,18,14,3,38,1,0,0,1,3,2,12,16
2162,40,115,17,4,4,38,1,0,0,1,1,1,12,12
1273,55,120,14,11,16,36,1,0,0,0,1,1,12,
1140,48,109,12,16,15,35,1,0,0,1,2,2,11,6
578,40,109,13,7,4,30,0,0,0,1,1,,12,11
942,40,85,12,7,10,38,1,0,0,1,4,5,,
1058,40,85,12,17,8,38,1,0,0,0,4,1,12,
750,40,106,14,9,9,29,1,0,0,1,1,2,11,10
1000,60,101,12,11,6,30,1,0,0,1,3,1,10,10
951,60,116,12,9,7,30,1,0,0,1,4,5,12,9
635,47,91,12,13,2,31,1,0,0,1,2,2,7,7
1250,40,91,12,13,1,34,1,0,0,1,3,1,11,5
675,40,110,12,6,15,34,1,0,0,1,2,1,7,
400,40,75,12,11,6,32,1,0,0,1,4,,7,12
577,50,94,12,9,8,29,1,0,0,1,2,,12,8
590,40,109,13,10,7,29,1,0,0,0,2,2,12,12
923,50,122,16,10,10,31,1,0,0,0,1,2,8,8
1250,50,102,12,6,2,32,0,0,0,1,4,2,11,8
1100,40,122,14,11,8,33,1,0,0,1,2,3,8,10
1130,50,105,12,18,2,37,1,0,0,1,4,2,10,10
652,50,113,12,14,4,36,0,0,0,1,1,2,9,9
618,42,104,12,6,2,30,1,0,0,1,3,2,8,12
962,50,124,16,7,14,34,1,0,0,1,2,2,9,11
529,40,110,13,14,11,32,1,0,0,0,1,1,12,8
817,40,95,12,16,14,33,1,0,0,0,2,1,12,12
962,40,120,16,8,9,32,1,0,0,0,0,1,18,
840,40,105,12,19,15,38,1,0,0,0,3,1,12,8
866,40,121,16,7,4,28,1,0,0,0,1,,12,12
2404,50,96,14,1,1,36,1,0,0,1,5,5,8,10
1126,40,110,12,16,2,32,1,0,0,1,6,1,9,12
1160,40,92,12,8,8,31,1,0,0,0,4,1,12,11
723,40,98,12,15,5,38,1,0,0,1,1,1,9,
1778,40,109,16,14,13,36,1,0,0,1,0,1,11,12
1903,48,118,18,13,5,36,1,0,0,0,0,1,11,11
1010,40,97,18,7,14,34,1,0,0,1,4,5,14,
971,40,95,17,5,11,37,1,0,0,1,1,2,16,8
525,40,99,12,9,2,34,1,0,0,1,2,1,10,8
525,40,106,12,12,13,30,1,0,0,0,1,1,10,12
670,45,117,12,10,3,30,1,0,0,0,5,2,12,
500,45,90,12,19,4,37,1,0,0,0,0,1,12,6
1058,45,98,14,14,15,34,1,0,0,0,2,3,,
550,46,95,12,18,15,35,1,0,0,1,1,1,12,11
500,45,115,12,14,1,32,1,0,0,1,1,2,12,11
727,55,106,15,10,5,31,0,0,0,1,1,,12,12
865,40,114,12,6,8,30,1,0,0,0,2,3,8,8
1081,40,92,13,8,2,30,1,0,1,1,3,4,12,10
1304,45,119,17,9,9,31,1,0,0,0,1,1,13,12
575,40,85,13,6,1,30,1,0,0,0,1,2,13,12
623,45,98,16,7,1,30,1,0,0,0,3,1,12,12
515,45,114,13,8,10,28,1,0,0,0,3,2,12,12
1273,55,84,18,14,4,37,1,0,0,1,1,1,8,12
990,40,108,13,13,9,33,1,0,0,0,4,1,16,16
600,40,107,12,16,6,33,1,0,0,0,5,6,8,4
1160,40,84,12,17,2,38,1,0,0,0,4,2,16,12
500,55,86,12,11,9,29,1,0,0,0,5,5,10,12
795,45,88,12,17,18,35,1,0,0,0,2,2,10,12
500,50,97,11,20,3,37,1,0,0,0,2,1,,
740,50,84,10,23,13,38,1,0,0,0,5,1,,9
1250,40,117,16,10,7,33,1,0,0,1,1,1,12,14
1014,55,110,16,13,9,30,0,0,0,1,1,2,12,14
1250,32,104,13,13,3,33,1,0,0,1,3,3,9,
913,40,110,14,4,13,29,1,0,0,1,3,4,9,
1346,40,99,16,9,8,30,1,0,0,1,2,,11,12
445,40,80,10,19,0,38,1,0,0,0,5,5,,
265,40,101,12,18,2,37,1,0,0,1,1,2,,
1250,40,117,14,7,1,28,1,0,0,1,1,2,12,12
1607,56,108,13,7,9,36,1,0,0,1,2,1,,
1452,35,69,16,12,15,38,1,1,0,1,7,6,10,10
1391,50,109,12,14,8,32,1,1,1,1,1,2,11,9
821,45,85,16,8,2,32,1,0,0,1,5,6,8,8
794,40,114,16,9,7,29,1,0,0,1,1,2,11,9
500,30,90,13,10,1,38,1,0,0,0,4,3,,
520,50,107,18,6,3,29,1,0,0,0,10,1,12,14
1730,50,117,18,12,12,37,1,0,0,1,1,2,12,8
1924,50,112,18,9,10,38,1,0,0,1,6,1,16,18
1155,60,106,18,10,2,37,1,0,0,1,3,3,14,18
2162,40,116,15,9,4,31,1,0,0,1,2,1,12,17
923,50,123,14,8,7,31,1,0,0,1,1,2,8,
1115,40,118,16,12,13,33,1,0,0,1,1,1,8,
449,36,91,12,7,2,30,0,0,0,1,1,,,
1500,40,103,12,10,11,34,1,0,0,1,2,3,12,7
826,40,114,14,20,3,37,1,0,0,1,4,4,8,6
937,40,102,12,16,8,35,1,0,0,1,3,2,12,6
978,48,104,12,19,15,36,1,0,0,1,5,6,6,
1031,40,112,14,14,12,33,0,0,0,1,6,6,14,12
1272,40,107,12,10,1,30,1,0,0,1,4,3,12,12
1136,50,117,14,16,12,34,1,0,1,1,2,3,12,12
800,45,110,12,19,12,36,1,0,0,1,7,8,,
1339,38,96,12,8,9,33,1,0,0,1,0,1,12,11
1063,40,90,12,14,12,32,1,1,0,1,2,2,8,12
935,44,97,12,10,6,29,1,0,0,1,2,2,8,7
808,40,99,12,18,13,38,1,1,0,1,0,1,9,8
375,40,99,10,12,2,30,1,0,1,0,3,2,8,5
537,40,97,12,14,8,31,0,1,0,1,2,1,11,
1082,55,95,12,11,4,29,1,1,0,1,2,2,11,
930,40,126,14,10,1,31,0,0,0,1,3,,8,
1155,40,109,17,13,4,38,1,0,0,0,3,3,12,8
548,40,86,11,7,0,33,1,1,0,1,5,2,11,
622,45,119,16,12,1,33,1,0,0,1,0,1,12,12
841,40,102,16,10,1,29,1,0,0,1,3,1,12,12
769,55,105,18,7,15,38,0,0,0,1,2,3,9,5
587,38,117,17,8,5,29,1,0,0,0,3,3,12,
1924,45,112,16,17,18,38,1,0,0,1,1,1,12,12
1058,40,89,12,7,3,29,1,0,0,1,2,,8,6
417,48,131,12,7,1,28,0,0,0,1,1,2,12,6
1202,48,114,16,6,6,28,1,0,0,1,3,3,16,16
1154,40,98,14,18,2,37,1,0,0,1,1,,10,14
1070,40,124,13,4,9,32,1,0,0,1,0,1,,
1202,40,125,14,10,11,29,1,0,0,1,2,3,12,12
711,45,100,18,13,3,36,1,0,0,1,1,,10,16
1202,40,84,14,6,5,31,1,1,0,1,2,1,11,9
850,43,113,12,7,3,28,1,0,0,1,1,2,8,12
1000,40,102,16,13,11,35,1,0,0,1,6,2,10,12
490,49,82,18,7,8,31,0,0,0,1,2,,12,9
1000,40,112,14,15,4,35,1,0,0,1,4,1,12,10
865,40,111,16,11,4,31,1,0,1,1,4,5,8,5
1375,40,96,13,3,3,30,1,0,0,1,3,1,11,8
1586,40,127,16,16,12,37,1,0,0,1,4,4,16,16
1602,65,97,15,14,14,37,1,0,0,1,1,1,8,
3078,65,120,14,12,13,36,1,0,1,1,1,2,12,
898,40,101,16,7,9,35,0,0,0,1,3,4,16,14
906,40,120,14,16,2,37,1,0,0,1,5,1,12,12
952,40,99,13,10,10,31,1,1,0,1,1,1,8,10
571,40,78,13,10,1,29,0,1,0,1,5,5,8,9
445,45,110,12,15,13,32,0,0,0,1,2,2,5,11
289,40,94,12,9,0,30,1,0,0,1,2,3,5,11
1444,40,120,16,12,15,37,1,0,0,1,1,2,17,13
962,55,108,12,19,21,36,1,0,0,1,3,1,8,8
1075,40,103,12,17,10,33,1,0,0,1,13,3,11,11
909,55,97,11,17,5,35,1,0,0,1,7,3,,
1250,40,106,12,14,19,35,1,0,0,1,4,1,11,13
620,40,99,11,10,5,29,1,1,0,1,11,5,,
1016,40,72,10,14,15,37,1,1,0,1,8,9,11,
800,40,88,10,21,14,37,1,1,0,1,8,1,11,8
1050,40,119,16,7,18,37,0,0,0,1,2,2,12,13
1079,50,87,12,18,9,36,1,0,0,1,5,5,8,
654,50,121,17,12,13,34,1,0,0,1,1,2,11,12
781,50,112,12,8,10,30,1,0,0,1,2,2,12,8
1038,48,103,15,8,2,36,1,0,1,0,2,1,12,15
1924,50,99,16,16,14,37,1,0,0,1,0,1,16,18
1202,40,101,15,15,17,37,1,0,0,1,3,2,12,12
666,70,117,15,8,2,32,1,0,0,1,0,1,,
905,45,109,14,11,14,36,1,0,0,1,3,4,8,8
890,70,73,12,6,8,31,1,0,0,1,3,1,12,12
817,40,116,16,10,7,31,1,0,1,0,1,2,16,16
812,40,98,12,10,2,29,0,0,0,1,3,2,12,12
577,60,104,14,6,2,30,1,0,1,1,2,3,14,12
756,40,78,14,9,2,31,1,0,0,1,2,2,12,12
1011,40,104,12,20,7,37,1,0,1,1,0,1,,
1155,45,85,12,14,1,34,1,0,0,1,2,1,12,12
1025,40,104,12,12,7,29,1,0,0,1,3,4,12,10
1350,40,107,12,17,12,35,1,0,0,0,2,3,,
1001,40,109,12,20,22,37,1,0,0,1,1,1,8,10
796,48,119,13,16,15,37,1,1,0,1,7,1,11,
1230,50,96,13,11,12,30,1,0,0,1,3,2,10,11
754,40,93,12,13,1,30,1,0,0,1,5,,,
714,40,90,12,17,1,37,1,0,0,0,5,3,12,12
1000,45,103,15,8,3,32,1,0,0,1,3,4,12,
2067,40,106,16,12,13,33,1,0,1,1,2,1,14,12
912,40,96,16,11,5,30,1,0,0,1,2,2,14,12
600,40,114,12,8,5,30,1,0,1,1,6,3,8,8
951,40,86,11,13,1,31,1,0,0,1,3,4,9,
711,45,110,16,8,5,32,1,0,1,1,3,2,13,12
1151,48,87,12,18,9,38,1,0,0,1,2,1,12,12
1000,40,89,12,9,5,28,1,0,0,1,2,3,13,12
841,44,106,12,15,10,31,1,0,0,1,5,6,8,
400,70,100,12,12,3,32,1,0,0,1,3,2,5,8
1175,45,111,12,17,14,34,1,0,0,1,0,1,16,4
1202,40,100,12,18,2,37,1,0,0,1,0,1,12,12
1442,40,114,12,16,17,33,1,0,0,1,2,3,12,10
538,55,98,18,5,1,34,1,0,0,1,2,2,13,
781,40,89,11,13,10,30,1,0,0,1,3,1,9,8
750,60,74,10,13,9,30,1,0,0,1,4,2,11,9
841,48,110,18,13,1,37,0,1,0,1,1,1,12,12
700,50,130,13,14,1,38,1,0,0,1,1,2,11,14
1346,50,108,16,9,4,36,1,0,0,1,1,2,12,10
800,45,98,12,16,12,33,1,0,0,0,3,4,10,8
1250,40,125,16,9,10,30,1,0,0,1,3,1,16,
1105,40,104,16,5,8,29,1,0,0,1,3,1,12,12
475,52,98,14,12,1,30,0,0,0,1,6,1,8,10
762,58,104,15,6,4,33,1,0,0,0,2,1,11,12
962,40,120,12,18,19,36,1,0,0,1,3,,8,8
721,40,134,13,9,9,30,0,0,1,1,3,3,8,8
800,50,92,9,18,13,34,1,0,0,1,0,1,8,8
658,40,129,16,11,9,30,1,0,0,1,2,1,13,16
1270,40,118,14,4,16,36,1,0,0,1,2,1,12,12
1313,40,107,12,11,7,28,1,0,0,0,1,,12,
824,42,92,12,19,15,38,1,0,0,1,1,1,12,11
1442,40,118,16,6,7,29,1,0,0,1,2,1,16,12
1400,42,108,17,7,3,31,1,0,0,1,2,1,12,14
1038,50,119,12,20,5,36,1,0,0,0,3,3,12,8
668,43,109,12,11,12,29,1,0,0,0,2,3,8,7
1100,40,91,12,18,10,36,1,0,0,0,2,3,8,8
1000,45,118,14,9,7,30,1,0,0,1,3,1,12,10
523,43,119,13,9,2,30,1,0,0,0,4,1,14,
1111,40,103,14,13,13,31,1,0,0,0,6,3,14,12
962,40,120,16,6,4,28,1,0,0,0,4,3,12,8
729,47,122,18,6,13,34,1,0,0,1,3,3,8,6
690,40,119,12,9,5,28,1,0,0,1,1,2,8,
1010,50,104,11,15,7,38,1,0,0,0,6,1,9,6
600,40,96,11,7,2,29,1,0,1,1,4,3,8,8
596,40,83,12,16,17,34,1,0,0,0,3,3,8,8
850,44,115,12,11,1,29,1,0,0,1,3,2,,
670,40,88,12,9,2,29,1,0,0,1,7,3,10,8
793,40,96,12,17,18,36,1,0,0,0,4,5,8,8
1442,40,123,17,14,7,38,1,0,1,0,2,3,12,6
670,50,108,12,14,8,34,1,0,1,1,5,1,11,7
876,45,116,16,10,8,29,1,0,0,1,2,1,12,12
841,40,109,18,13,2,36,1,0,0,0,3,4,16,12
975,40,97,13,8,0,31,1,0,0,1,3,1,12,12
1223,40,107,12,7,3,28,1,0,0,0,1,1,12,10
910,30,95,12,16,5,35,1,0,1,1,2,3,12,14
533,45,109,15,8,2,30,1,0,0,1,2,2,15,12
750,40,104,12,15,11,33,1,0,0,0,0,1,12,12
1206,40,110,12,16,4,38,1,0,0,1,1,1,12,12
745,40,94,13,17,1,36,0,0,0,0,2,3,13,8
900,40,103,12,15,1,37,1,0,1,0,3,3,8,6
1170,47,123,14,9,14,32,1,0,0,1,3,4,8,12
540,50,113,12,12,3,31,1,0,0,0,5,4,6,12
550,40,110,16,15,1,38,1,0,0,0,2,1,,
615,40,100,14,9,4,30,1,0,0,0,3,3,12,12
909,40,95,13,6,2,31,1,0,0,1,2,1,12,12
769,40,100,12,18,12,36,1,0,0,0,1,2,8,8
984,40,108,13,17,18,37,1,0,0,1,4,1,15,8
833,60,101,12,15,12,37,1,0,0,1,5,2,12,
879,70,90,12,17,10,35,0,0,0,1,1,2,12,16
1027,45,115,12,16,7,35,1,0,0,1,4,3,8,5
1000,55,114,16,10,1,33,1,0,1,0,0,1,,
465,43,84,13,10,1,29,1,0,0,1,3,3,11,11
1100,40,92,13,21,12,38,1,1,0,1,6,6,12,
641,45,125,14,9,0,37,1,0,0,1,1,1,12,11
1035,48,107,12,21,14,38,1,0,0,1,1,2,11,8
1212,40,129,14,9,3,32,0,0,0,1,6,7,8,9
950,40,98,12,11,6,30,1,0,0,1,3,4,12,12
938,44,108,12,19,20,38,1,0,0,1,0,1,8,
1250,40,114,16,8,8,30,1,0,0,1,5,3,2,8
586,60,111,18,6,10,34,1,0,0,0,3,1,12,11
693,53,101,12,7,6,28,1,0,0,0,1,2,12,12
562,40,99,12,18,12,34,0,0,0,0,1,1,12,12
375,60,75,12,12,5,30,0,0,0,0,4,1,12,8
673,40,91,12,7,11,38,1,0,0,0,0,1,6,
654,50,113,17,1,13,33,1,0,0,0,1,1,12,10
692,50,120,12,17,7,35,1,0,0,0,3,4,8,
1111,40,98,14,10,1,29,1,0,0,1,3,1,12,15
1368,45,107,16,11,1,33,1,0,1,1,2,2,16,16
1282,45,121,18,7,13,32,1,0,0,1,2,2,12,12
1250,60,115,11,19,4,38,1,0,0,1,1,2,,
1346,40,134,15,15,7,35,1,0,0,1,2,1,12,10
1424,50,96,17,15,12,37,1,0,0,1,2,3,,
854,48,120,16,8,5,29,0,0,0,1,2,3,12,16
888,50,105,15,9,5,32,0,0,0,1,2,2,12,10
1161,50,121,12,5,10,34,1,0,0,1,5,6,10,
583,58,113,16,9,0,30,1,0,0,1,2,2,12,9
1260,45,106,12,5,3,29,1,0,0,1,2,1,12,13
947,48,104,18,8,13,35,1,0,0,0,3,2,9,12
1850,40,80,11,14,15,33,1,0,0,1,3,,10,10
1575,40,117,12,13,2,30,1,0,0,1,3,3,10,10
758,38,126,16,10,8,28,0,0,0,1,2,2,12,12
1442,40,112,12,19,15,36,1,0,0,1,3,2,10,8
489,55,104,13,20,4,38,1,0,1,1,2,2,,
1126,40,116,12,5,0,31,1,1,0,1,9,5,9,10
1000,40,70,12,12,5,32,0,1,0,1,6,,8,8
500,70,83,12,13,11,32,1,0,0,1,5,1,6,6
1200,50,84,12,13,9,32,1,0,0,1,5,2,6,6
565,45,82,10,15,3,33,1,0,0,0,4,4,,
1920,40,109,12,13,2,31,1,0,0,0,0,1,12,8
684,45,111,14,7,7,29,1,0,0,1,4,1,12,12
774,40,94,12,20,4,37,1,0,0,0,1,1,12,7
233,60,96,16,7,4,30,1,0,0,0,3,,12,8
975,40,101,13,12,10,30,1,0,0,0,3,3,12,13
1366,40,90,12,13,1,30,1,0,0,1,3,3,12,12
2137,40,120,16,16,3,37,1,0,1,1,3,3,12,12
700,40,120,16,10,1,29,1,0,1,1,1,1,12,12
1200,40,108,12,16,11,33,1,0,0,1,3,2,8,
1161,40,99,13,16,18,36,1,0,0,1,0,1,12,8
729,60,80,11,16,15,34,1,0,0,1,6,1,12,6
750,45,93,11,17,2,36,1,0,0,1,1,2,10,5
1026,45,85,12,4,16,38,1,0,0,1,1,2,,
1111,45,118,15,11,3,32,1,0,0,1,3,1,11,10
625,50,115,12,12,8,31,1,0,0,1,2,3,12,
1200,42,119,16,11,5,30,1,0,0,1,5,1,10,11
1541,40,94,12,8,1,32,1,0,0,1,8,3,12,11
1154,40,109,16,12,9,34,1,0,0,1,0,1,13,16
310,40,104,13,10,0,33,0,0,0,0,2,1,14,8
610,50,89,12,14,4,30,1,0,0,0,1,2,7,6
1749,43,101,12,16,17,36,1,0,0,0,2,2,12,8
1000,40,96,16,9,1,31,0,0,1,1,4,2,12,7
350,40,109,12,14,1,36,1,0,0,0,1,1,9,7
765,45,94,12,17,18,37,1,0,0,0,10,6,4,6
790,40,115,12,15,2,34,1,0,0,0,6,5,6,5
818,47,92,12,16,17,38,1,0,0,0,12,1,8,4
477,60,71,9,12,1,30,1,0,0,0,4,2,11,5
938,50,130,14,15,1,33,1,0,0,0,3,1,12,11
2099,55,119,16,10,4,32,1,0,0,1,0,1,12,12
350,40,74,12,14,3,32,1,0,0,1,4,2,10,13
940,48,104,12,13,0,32,1,1,0,1,7,2,12,8
1202,40,124,15,11,8,28,1,0,0,1,2,2,10,
450,40,94,15,9,4,31,1,0,0,0,1,1,12,
1058,40,120,16,16,13,37,1,0,0,0,5,4,12,4
1000,40,96,11,15,15,37,1,0,0,1,5,5,8,9
318,40,67,12,16,5,36,1,1,1,1,6,,7,5
556,40,69,11,13,9,34,0,1,0,1,3,,8,8
958,60,98,12,11,9,28,1,0,0,1,0,1,12,11
995,40,92,9,22,13,38,1,1,0,1,7,3,7,4
1600,50,109,14,16,5,33,1,0,0,0,2,,9,10
606,45,100,18,6,5,30,0,0,0,0,1,,12,12
511,45,101,12,13,1,30,1,0,0,1,4,2,11,12
1411,45,111,16,11,12,32,1,0,1,1,1,1,12,9
1346,40,106,16,15,11,37,1,0,0,1,1,1,8,14
1522,46,102,12,15,16,37,1,0,0,0,3,2,12,10
1075,40,115,14,9,10,30,1,0,0,0,2,1,12,10
1200,50,99,12,11,11,28,1,0,0,1,5,4,10,8
1377,37,118,16,15,1,36,1,0,0,1,2,2,11,10
874,55,132,13,8,2,33,1,0,0,0,2,1,13,16
625,40,108,13,11,9,30,1,0,0,1,3,,12,16
1250,32,98,12,17,2,33,1,0,0,1,0,1,14,10
1082,40,111,13,20,12,36,1,0,0,1,4,2,8,11
693,40,79,11,18,3,38,1,0,0,0,3,2,8,8
727,55,97,12,11,11,31,1,0,0,0,3,1,12,11
615,50,99,15,16,15,38,1,0,0,0,2,3,12,14
913,40,101,16,5,7,31,1,0,0,1,2,3,12,
884,46,120,17,4,10,36,1,0,0,0,2,1,12,18
698,43,97,12,10,4,29,1,0,0,1,2,3,8,8
800,55,106,12,17,18,36,1,0,0,0,3,3,8,12
812,40,131,16,9,3,30,0,0,0,0,1,1,12,12
1000,40,93,11,16,14,34,1,0,0,1,1,,12,8
549,49,79,12,11,3,32,0,0,0,0,4,2,8,8
1300,35,100,12,13,15,31,1,0,0,1,4,2,11,
923,50,107,16,9,8,33,1,0,0,1,6,4,9,8
1539,40,112,12,15,15,32,1,0,0,0,3,1,,10
721,40,105,12,11,9,30,1,0,0,0,3,2,12,10
815,40,114,12,15,14,31,1,0,0,0,2,1,12,10
600,80,116,12,20,2,38,1,0,0,0,10,10,8,
1100,40,104,12,18,7,37,1,0,0,1,2,3,11,13
1058,40,85,12,18,19,35,1,0,0,1,2,1,9,12
962,40,93,12,15,1,30,1,0,0,1,2,2,9,12
433,50,100,12,5,9,37,1,0,0,0,2,2,8,7
940,40,71,11,9,2,29,1,0,0,0,2,3,,
1417,38,88,16,9,10,32,0,0,0,1,2,1,12,12
1000,65,93,12,11,9,29,1,0,0,1,7,1,12,8
500,40,98,13,14,5,32,1,0,0,0,3,4,12,8
800,50,110,14,8,5,28,1,0,0,1,3,4,12,10
766,40,109,12,17,18,35,1,0,0,0,4,3,,6
750,43,94,14,12,10,33,1,0,0,0,1,1,11,12
550,40,77,12,15,2,37,1,0,0,0,6,3,8,8
795,52,89,11,16,4,34,1,0,0,1,6,1,,
723,40,102,12,12,10,30,1,0,0,1,10,6,12,6
1039,40,113,14,12,8,34,1,0,0,1,1,2,16,14
200,55,103,10,11,15,32,1,0,1,1,3,2,12,5
400,40,90,10,12,1,32,1,1,0,1,5,3,8,
575,40,96,11,17,1,35,1,0,1,1,2,1,12,7
850,40,97,11,16,5,37,1,0,1,1,1,1,12,6
508,50,87,12,16,1,32,1,1,1,1,2,1,10,
1162,45,89,12,11,4,37,1,0,1,1,3,3,15,
1199,43,70,13,13,5,30,1,1,1,1,3,1,8,
1270,40,104,16,8,4,31,1,0,1,1,3,4,16,17
350,45,116,16,5,3,33,1,0,1,1,2,2,11,12
963,40,85,14,9,9,28,1,1,1,1,5,1,7,
1463,45,104,15,14,11,37,1,0,1,1,3,4,12,12
802,40,99,12,13,12,29,1,1,1,1,8,6,9,12
642,45,93,12,12,7,30,1,1,1,1,1,2,6,6
751,40,114,13,9,2,28,1,0,1,1,2,2,12,10
488,40,103,17,5,3,31,1,0,1,1,1,,12,16
1400,40,92,12,15,5,36,1,0,1,1,2,1,6,2
940,45,98,18,10,7,31,1,0,1,1,2,2,8,12
866,40,114,13,15,16,37,1,0,1,1,3,1,12,
675,40,77,12,20,4,38,1,1,1,1,5,2,12,6
375,40,89,14,9,3,30,1,1,1,1,3,1,13,
325,40,93,14,10,1,33,1,1,1,1,1,,16,
346,40,110,12,16,17,38,1,0,1,1,2,,12,5
1442,40,132,17,8,1,33,1,0,1,1,3,1,8,12
560,49,112,16,13,2,32,1,0,1,0,3,1,8,2
550,56,99,12,17,11,36,1,0,1,1,1,2,12,12
950,44,96,16,8,10,32,1,1,1,1,1,2,10,
684,45,106,13,16,2,38,1,0,1,1,1,1,12,14
1322,40,128,16,7,1,33,1,0,1,1,0,1,18,
1634,40,95,12,18,3,38,1,0,1,1,3,3,,3
417,40,80,12,8,0,30,0,0,1,1,3,4,8,7
472,45,71,11,9,0,32,1,0,1,1,13,6,6,6
666,50,89,12,16,1,34,1,1,1,1,6,1,9,
1679,55,127,18,10,3,32,1,0,1,1,1,2,12,16
1039,40,114,16,1,9,31,0,0,1,1,6,5,8,8
1250,40,102,13,13,11,30,1,0,1,1,5,6,7,
760,40,88,12,12,15,31,1,0,1,1,2,1,12,7
1154,42,88,12,14,12,29,1,0,1,1,2,2,12,7
1602,60,110,15,14,1,37,1,0,0,1,5,1,14,12
1442,40,110,13,13,13,29,1,1,1,1,1,2,7,9
865,40,130,16,5,3,30,1,0,0,1,4,2,8,12
705,50,100,12,15,12,36,1,0,1,1,1,2,,
1000,40,101,12,16,1,35,1,0,1,1,1,1,12,
852,44,89,10,13,9,32,1,0,1,1,6,7,9,
770,40,80,12,16,14,35,1,0,0,1,1,2,12,12
1000,40,72,12,16,9,34,1,0,0,1,3,4,12,12
1329,55,115,18,10,5,36,1,0,0,1,1,1,12,12
1682,40,115,16,10,4,37,1,0,1,1,1,2,12,17
577,55,108,16,4,0,31,1,1,1,1,2,2,8,8
685,40,93,12,17,7,38,0,0,1,1,6,6,8,3
577,40,111,16,8,8,29,0,1,1,1,1,1,18,18
1040,40,101,12,19,9,38,1,1,1,1,6,1,11,12
1250,40,92,16,10,11,32,0,0,1,1,1,1,12,10
600,40,115,13,7,7,28,0,0,1,1,4,5,5,
480,40,76,12,17,3,35,0,1,1,1,8,5,11,10
1000,40,93,11,11,0,29,1,0,1,1,5,3,12,12
988,48,91,12,15,15,36,1,0,1,1,1,2,8,8
478,45,90,10,19,10,34,1,0,1,1,2,1,9,9
440,40,84,12,11,2,30,1,1,1,1,5,3,9,4
485,40,120,12,11,1,30,1,1,1,1,6,6,,
705,40,89,9,19,0,36,1,1,1,1,0,1,,
1550,40,104,12,16,1,34,1,0,1,0,8,4,9,10
960,40,107,12,11,9,29,1,1,1,1,11,2,6,9
1000,40,100,12,16,14,32,1,0,1,1,2,3,12,12
625,40,129,18,4,5,36,1,0,1,0,3,1,15,15
1346,40,112,16,14,14,35,1,0,0,1,0,1,12,16
961,40,76,12,13,13,31,0,1,0,1,13,5,,8
479,40,97,12,15,1,38,1,0,1,0,3,4,,
1201,50,98,11,17,16,36,1,0,1,0,4,5,11,2
1346,45,60,16,8,2,31,1,0,1,1,2,3,,
1122,35,132,18,13,8,32,1,0,1,1,2,3,12,7
543,45,90,14,5,7,38,1,1,1,1,1,2,6,
450,40,63,11,12,4,31,1,1,1,1,7,2,7,
507,55,110,14,10,4,32,1,0,1,1,2,2,13,16
547,60,88,11,17,5,34,1,0,1,1,4,5,,
586,56,98,11,18,16,35,1,0,1,1,2,2,,6
462,55,61,12,6,4,29,1,1,1,0,9,,8,3
705,40,76,12,13,8,37,1,1,0,1,5,,,
1566,40,127,12,7,1,29,1,0,0,1,3,2,11,
1634,40,94,13,18,18,36,1,0,1,1,2,2,8,8
1282,45,97,16,4,1,32,1,0,0,1,11,3,16,16
556,40,127,16,6,2,31,1,1,1,1,2,1,12,12
1200,40,109,15,7,8,33,1,0,0,1,2,1,11,12
855,45,89,12,6,6,31,1,0,1,0,4,3,3,3
1053,40,90,12,18,7,37,1,0,1,0,1,1,11,11
1000,48,105,12,11,4,28,1,0,1,0,0,1,12,7
900,55,100,12,18,5,34,0,0,0,1,2,2,8,
1602,45,111,16,10,10,31,1,0,1,0,1,,16,12
508,50,125,17,9,2,31,1,0,1,1,3,1,16,13
1500,60,124,16,6,6,29,1,0,1,0,2,,12,10
1682,50,107,14,15,9,32,1,0,1,1,0,1,12,12
750,40,110,13,13,1,35,1,0,1,1,2,,12,16
843,40,102,14,8,7,29,1,0,1,0,1,1,16,16
409,40,93,12,17,18,38,0,0,1,0,0,1,,
1004,40,81,12,17,15,34,1,0,1,0,1,1,12,
650,40,99,12,13,10,30,1,0,1,0,1,2,12,10
808,40,93,12,17,9,37,1,1,1,0,4,1,,
2137,45,102,13,8,2,30,1,0,1,0,0,1,12,12
761,48,95,12,14,21,38,1,0,1,1,1,1,12,5
769,40,98,16,8,3,35,0,0,1,1,0,1,11,8
345,40,84,12,7,8,31,1,1,1,1,2,2,,
495,40,88,12,6,10,31,1,0,1,1,2,1,,7
987,38,109,16,9,3,31,1,0,1,1,3,4,4,
2500,60,82,12,21,1,38,1,0,1,0,3,3,8,5
1098,45,105,14,6,1,32,0,0,1,1,1,2,12,
1212,40,95,12,6,16,38,1,0,1,0,3,1,12,8
577,40,92,15,8,1,28,1,1,1,1,1,2,10,7
390,59,74,15,10,3,30,1,1,1,1,3,3,7,6
1500,40,123,16,9,12,32,1,0,1,1,1,1,12,14
583,80,86,12,9,1,30,1,0,1,1,2,2,12,12
460,40,92,11,16,1,36,1,0,1,1,5,6,,
945,40,87,12,12,13,38,1,0,1,1,2,2,8,
1442,60,117,16,9,3,31,1,0,1,1,1,2,12,10
1333,45,112,16,14,8,38,1,0,1,1,1,2,12,4
1500,37,119,15,8,5,33,0,0,0,1,1,1,12,18
1333,45,103,16,7,1,34,1,0,0,1,3,1,,
700,40,74,12,16,4,36,1,1,1,1,3,,9,
973,36,81,13,11,5,32,1,0,1,1,0,1,6,9
2162,40,124,18,10,8,32,1,0,1,1,1,1,10,10
797,41,89,12,10,7,36,1,0,1,0,1,2,7,8
400,40,88,12,14,1,32,1,1,1,1,7,7,7,6
1015,40,67,12,15,11,32,1,1,0,1,3,2,9,5
1744,43,106,16,8,9,29,1,0,1,1,1,1,12,16
630,40,103,15,14,2,32,1,0,1,0,0,1,11,5
445,40,91,12,11,4,32,1,0,1,0,0,1,6,8
660,42,101,16,12,9,31,1,0,1,1,0,1,12,12
779,40,85,12,14,7,37,1,1,1,1,7,4,12,
377,40,83,12,9,1,36,0,0,1,1,1,1,12,12
560,44,70,12,16,11,35,1,1,1,1,2,1,8,
1122,60,102,17,7,13,32,1,0,1,1,2,2,12,11
453,50,94,12,9,2,30,1,0,1,0,6,4,7,7
1386,40,97,10,17,9,37,1,0,1,1,1,2,12,8
1539,40,115,17,7,9,31,1,0,1,1,2,1,12,16
1154,40,117,16,11,12,35,1,0,1,1,5,5,17,18
962,50,105,14,15,2,37,1,0,1,1,3,4,8,4
722,55,113,16,8,1,38,0,0,1,1,1,2,8,
480,40,83,12,9,3,37,1,0,1,1,4,3,10,11
808,50,101,18,8,9,38,1,0,1,0,3,2,17,12
1442,40,113,13,14,8,36,1,0,1,1,2,1,12,12
1091,50,88,13,13,4,37,1,0,0,1,4,1,12,
350,40,93,12,16,0,33,0,1,1,1,1,1,12,
500,40,83,12,18,11,36,1,1,1,1,0,1,7,
1026,45,113,16,9,13,30,1,0,1,1,2,2,16,14
577,40,106,17,11,7,33,0,1,1,1,3,2,13,16
1333,60,106,15,5,1,30,1,0,1,1,2,2,12,12
915,55,114,12,17,9,37,1,0,0,1,1,,10,
1105,40,119,16,9,10,30,0,0,1,1,5,1,11,10
910,40,82,14,5,5,30,1,1,1,1,10,,9,3
1000,40,89,12,17,8,38,1,0,1,1,7,7,1,4
1160,40,74,12,14,1,33,1,1,1,1,9,6,3,4
1001,34,77,12,12,3,29,1,1,1,1,9,8,3,4
713,40,75,12,5,12,36,1,1,1,1,7,4,,
929,40,97,13,12,5,30,1,0,1,1,2,1,12,12
400,50,68,12,4,9,31,1,1,1,1,6,1,6,2
1241,40,83,13,9,10,33,1,0,1,1,2,3,12,12
1065,40,97,12,21,10,36,1,0,1,1,1,1,12,
403,45,98,12,5,3,30,1,0,1,1,2,,12,12
940,45,102,13,15,12,30,1,1,1,1,2,2,,
812,40,81,10,17,13,34,1,1,1,1,2,2,8,3
700,20,85,10,13,0,35,1,1,1,1,3,,6,10
575,40,86,10,12,6,33,1,1,1,1,8,,,
450,40,79,10,20,5,36,1,1,1,1,7,6,12,12
621,43,84,12,14,10,31,1,0,1,0,4,3,8,6
441,38,74,12,12,11,30,1,0,1,0,4,4,8,6
625,40,92,16,6,9,33,1,1,1,0,11,1,,
726,45,93,12,16,5,36,1,0,1,0,5,2,6,
500,40,69,9,21,13,38,1,1,1,1,8,6,6,
1000,44,113,17,8,2,34,1,0,1,1,4,1,17,18
393,48,92,12,15,16,38,1,0,1,1,1,1,8,7
600,40,127,12,8,3,28,0,0,1,0,2,2,9,12
962,50,109,12,21,12,37,1,0,1,0,0,1,6,
962,40,97,12,15,4,34,1,0,1,0,5,1,10,8
865,40,66,11,10,7,30,1,0,0,1,14,4,0,10
1154,50,109,16,10,3,35,1,0,1,1,2,1,16,14
1386,42,109,16,10,11,34,1,0,1,0,1,1,4,14
732,40,104,12,10,7,36,1,0,1,1,1,2,,
865,40,85,13,4,9,34,1,0,1,1,3,3,8,8
700,40,81,12,13,13,31,1,0,1,0,5,6,8,4
975,40,87,9,20,10,37,1,0,1,0,3,,5,4
1300,40,78,13,12,3,33,1,0,1,1,2,3,12,12
900,40,54,14,12,3,31,1,0,1,1,2,1,12,12
829,40,98,12,15,15,36,1,0,0,1,4,5,8,8
1000,40,98,12,17,13,36,1,0,1,1,3,,12,
827,40,105,16,7,8,30,1,0,0,1,2,1,16,12
500,44,87,13,5,2,31,1,0,1,1,7,,12,
1155,40,117,13,9,1,28,1,0,0,1,3,2,12,12
950,55,85,15,8,3,29,0,0,0,1,2,,12,12
700,40,82,13,10,4,30,1,0,0,1,4,5,8,
1710,45,114,18,7,6,32,1,0,0,1,1,1,12,
533,30,65,12,5,1,32,0,1,0,1,5,1,11,12
2004,48,105,18,10,0,34,1,0,0,1,2,1,12,12
890,60,92,14,9,8,32,1,0,0,1,1,2,7,7
3078,30,107,13,11,4,29,1,0,0,1,2,2,12,12
1539,40,111,17,10,13,37,1,0,0,1,3,2,12,16
508,40,73,12,1,1,31,1,1,0,1,1,,,
1354,40,119,17,13,9,35,0,0,0,0,2,1,16,16
1143,35,97,12,21,8,38,1,0,0,1,5,1,12,12
962,40,110,12,16,8,33,1,0,0,1,2,1,10,10
1250,44,96,12,19,20,38,1,0,0,1,2,1,12,12
990,40,67,12,16,3,34,1,1,0,1,2,1,8,8
905,40,102,12,17,4,37,1,0,0,0,5,5,12,12
926,55,64,12,18,0,38,1,0,0,1,4,5,0,2
1559,40,103,12,17,10,34,1,0,0,1,3,4,8,8
1312,40,118,10,14,4,32,1,0,0,1,0,1,12,8
923,40,118,14,8,16,35,1,1,0,1,5,1,7,
879,40,118,18,1,9,31,1,0,0,1,1,2,13,13
800,25,75,13,14,1,38,1,0,1,1,0,1,12,10
1049,50,112,14,6,10,32,1,0,0,0,3,3,12,10
550,40,95,12,4,1,30,0,0,0,0,3,4,12,10
1190,40,119,17,4,2,34,1,0,0,1,0,1,12,14
583,48,94,14,10,6,37,1,0,0,0,2,1,12,12
1200,40,103,14,5,2,30,1,0,0,1,1,1,6,7
797,55,90,16,11,5,33,1,0,0,1,5,2,14,17
1371,40,128,18,8,13,36,1,0,0,0,1,2,16,12
360,55,110,13,11,1,38,0,1,0,1,4,,12,8
1270,40,84,12,11,12,30,1,0,0,1,2,2,12,12
1832,40,97,12,16,1,36,1,0,0,1,1,2,8,12
909,40,102,12,14,5,33,1,0,0,1,3,3,12,7
1746,40,131,18,9,10,33,1,0,0,1,7,3,12,12
520,40,126,16,8,1,30,1,0,0,1,7,5,12,12
808,40,107,16,6,7,29,1,0,0,0,7,6,12,12
2137,45,108,16,11,2,36,1,0,0,1,2,3,12,
692,50,92,15,9,3,38,1,1,0,1,0,1,8,8
931,80,108,16,4,1,36,1,0,0,1,4,2,12,12
812,45,115,16,11,3,34,1,0,0,1,1,2,12,8
866,40,111,14,16,14,35,1,0,0,1,1,1,12,12
1442,40,115,12,14,9,36,1,0,0,1,7,5,12,12
500,40,101,14,12,0,32,1,0,0,0,2,2,11,6
1384,50,114,18,12,2,37,1,0,0,1,1,1,12,13
528,55,116,18,5,9,30,1,0,0,1,4,5,12,12
881,40,90,12,4,14,36,1,0,0,0,2,3,12,
1026,45,125,12,11,11,28,1,0,0,1,3,1,14,17
1212,40,98,12,11,12,28,0,0,0,1,4,,12,10
1620,38,111,15,8,5,29,1,0,0,0,1,2,10,
1843,48,109,16,11,2,32,1,0,0,1,3,2,12,
1602,60,124,16,12,2,37,1,0,0,1,1,2,12,12
1000,40,121,13,6,1,33,1,0,0,1,2,2,8,14
737,48,103,12,7,4,30,1,0,0,1,4,4,10,
1699,40,96,12,10,1,29,0,0,1,1,2,3,12,12
1699,40,100,12,11,9,33,1,0,0,1,1,2,12,8
1025,48,104,14,6,5,32,1,0,0,1,2,3,,12
1107,40,112,12,12,5,38,1,0,0,1,5,3,11,12
625,40,73,11,1,1,31,1,0,0,1,3,4,12,12
720,50,101,13,1,7,29,1,0,0,1,4,2,11,11
855,40,99,12,19,10,36,1,0,0,1,1,2,12,12
1250,40,95,12,12,2,32,1,0,0,1,2,2,12,12
1130,40,109,18,4,13,38,1,0,0,0,1,2,18,15
900,40,110,12,6,1,28,0,0,0,1,1,,13,13
1924,50,98,17,6,7,38,1,0,0,1,1,1,4,
962,40,112,15,8,2,37,1,0,0,1,2,1,12,16
1874,48,64,11,22,3,38,1,1,0,1,7,,,
1573,55,90,12,5,3,30,1,0,0,1,4,3,11,8
940,45,102,14,11,7,36,1,0,0,1,1,2,12,10
900,40,119,16,8,9,30,1,0,0,0,1,2,12,12
882,44,96,12,15,13,31,1,0,0,0,6,3,8,10
1710,45,118,18,12,12,38,1,0,0,1,1,1,12,12
1260,45,79,12,19,15,37,1,0,0,0,3,2,9,8
751,40,96,12,9,7,38,1,0,0,0,1,1,10,8
1097,50,80,11,12,12,28,1,0,0,0,5,1,12,11
1001,48,137,13,11,11,33,1,0,0,0,5,6,12,
1154,40,116,15,11,12,34,0,0,0,0,2,1,12,9
1000,43,69,12,15,16,35,1,0,0,1,4,4,12,8
1250,40,78,12,16,3,33,1,0,0,1,9,,6,2
857,65,99,12,18,3,38,1,0,1,1,2,1,8,8
1211,27,92,12,13,3,31,1,0,0,1,3,2,16,12
937,32,113,16,12,7,29,1,0,0,1,3,,16,12
904,50,98,13,7,1,33,1,0,0,1,5,,12,
872,45,115,15,7,4,29,1,0,0,1,3,1,12,18
1200,40,96,9,18,0,34,1,0,0,1,4,3,,8
1261,40,117,17,1,9,35,1,0,0,1,4,1,6,8
950,40,96,12,14,2,35,1,0,0,1,1,1,8,2
115,50,108,12,9,3,29,1,0,0,1,5,6,10,11
673,40,92,17,6,4,31,1,0,0,1,5,5,16,12
1084,45,95,15,17,10,37,1,0,0,1,1,2,16,16
1058,40,94,14,13,14,34,1,0,0,1,0,1,15,9
800,40,115,12,20,12,38,1,0,0,0,7,6,7,8
369,40,117,18,11,1,31,0,0,0,0,3,4,,
1924,40,105,16,14,13,36,1,0,0,0,0,1,12,
855,40,109,12,17,15,36,1,0,0,0,3,1,7,6
864,40,87,12,15,6,31,1,0,0,0,1,1,12,12
1092,44,110,16,15,13,36,1,0,0,1,4,4,13,13
1025,40,110,16,9,4,30,1,0,0,0,3,,10,12
850,35,109,12,11,2,31,1,0,0,0,2,2,17,
673,40,85,12,17,10,35,1,0,0,0,2,2,12,12
800,40,105,14,12,12,37,1,0,0,0,3,2,10,12
1049,44,122,16,7,3,33,1,0,0,0,3,3,10,12
884,40,108,17,9,11,35,1,0,0,1,3,2,14,9
800,40,122,16,10,2,31,0,0,1,1,3,3,12,8
1200,40,79,17,9,9,32,1,0,0,1,0,1,8,8
664,40,105,12,8,10,29,1,0,0,1,7,6,12,12
1111,45,90,12,18,18,37,1,0,0,1,6,3,,
850,43,111,16,8,8,34,1,0,0,1,4,2,,
1000,40,110,12,6,12,37,1,0,0,1,5,2,8,12
875,40,92,12,8,4,29,0,0,0,1,4,,14,14
1202,40,131,16,10,2,33,1,0,0,0,3,2,12,12
666,40,104,12,10,2,29,1,0,0,0,2,3,12,12
923,40,110,16,15,11,37,1,0,0,0,2,1,12,7
788,40,99,12,10,10,28,1,0,1,1,4,5,10,3
950,40,86,10,23,5,38,1,0,1,1,9,9,,6
1442,40,105,12,9,16,37,1,0,1,1,3,4,,
866,40,85,12,11,12,30,1,1,1,0,8,5,6,0
625,40,72,9,17,5,34,1,0,1,0,10,7,4,
680,40,86,12,13,9,32,0,0,1,0,6,1,6,7
693,40,68,12,11,19,35,1,0,1,0,5,2,12,8
875,36,95,12,16,2,38,0,1,1,0,8,9,6,
2308,40,116,17,8,2,38,1,0,0,0,6,1,12,13
1196,45,96,14,10,4,32,1,0,1,0,2,3,10,6
700,38,85,12,13,8,32,1,1,1,1,6,,2,8
721,40,100,12,8,8,29,1,0,1,1,3,2,12,4
1500,40,101,13,13,2,32,1,0,1,1,5,3,12,8
1050,50,97,15,4,9,31,1,1,1,1,2,1,16,9
801,48,100,14,6,10,29,1,1,1,1,2,1,,
640,23,96,12,7,3,31,0,1,1,1,5,,,
1198,32,117,16,7,9,30,1,0,1,1,1,2,12,12
390,55,93,12,4,2,32,1,0,1,1,1,,16,13
889,36,116,12,12,11,28,1,0,1,1,1,2,9,12
1076,38,106,12,19,20,36,1,0,1,1,1,1,12,9
1127,40,98,12,17,12,36,1,0,1,1,1,2,14,12
750,50,103,15,1,1,37,1,0,1,0,1,1,12,9
855,40,118,14,6,14,33,1,0,1,0,3,1,,12
525,40,100,13,5,1,31,1,0,1,0,1,1,10,12
1104,54,96,12,11,4,29,1,0,1,0,1,2,10,12
553,40,67,12,11,10,30,1,1,1,0,7,2,8,9
800,43,96,12,10,1,29,1,0,1,0,1,1,10,10
1384,50,104,13,8,7,31,1,0,1,0,3,1,13,14
425,30,106,17,8,0,36,0,0,1,0,0,1,14,12
510,54,62,11,13,4,33,0,1,1,1,7,6,2,10
370,32,73,12,13,2,31,1,1,1,0,9,2,3,4
596,40,62,12,16,14,33,1,1,1,0,9,8,2,8
402,40,76,12,9,4,28,1,1,0,1,4,2,,10
418,40,76,12,12,2,31,1,1,1,0,0,1,9,10
1133,40,106,16,13,10,36,1,0,1,0,1,1,12,
681,40,94,12,18,15,35,0,0,1,1,4,,9,10
950,40,81,11,16,5,35,1,0,1,0,3,4,10,6
600,40,87,10,20,7,36,1,0,1,0,0,1,5,6
661,40,96,13,8,6,29,0,0,1,0,3,2,,5
925,40,75,12,12,9,30,1,0,1,0,2,2,6,
550,40,95,12,14,13,31,1,0,1,0,0,1,5,5
606,40,86,11,13,11,30,1,0,1,0,4,4,3,7
425,40,86,10,7,1,30,1,0,1,0,4,4,3,7
340,50,104,14,4,1,31,1,0,1,1,5,3,8,18
692,50,95,12,16,9,34,1,0,1,1,2,2,7,5
575,40,116,12,11,9,29,1,0,1,0,1,2,8,12
571,40,66,9,15,10,33,1,0,1,0,5,1,8,6
817,40,101,16,11,9,32,1,0,1,1,1,2,0,5
987,40,96,12,11,5,29,1,0,1,0,1,2,12,12
616,55,104,12,16,18,35,1,0,1,1,4,5,9,
1026,60,105,16,12,1,35,1,0,0,1,3,1,14,10
808,40,106,12,4,3,29,1,0,0,1,1,2,8,7
808,50,101,17,8,0,30,1,0,1,1,1,2,15,15
788,40,96,12,13,5,36,1,0,1,1,4,1,12,12
850,40,105,12,6,2,33,1,0,0,1,1,1,12,9
900,38,106,12,10,19,38,1,0,1,1,7,,3,2
1418,45,102,12,19,20,36,1,0,1,1,2,3,8,8
260,40,75,12,21,0,37,1,1,1,0,3,3,,
662,45,99,14,7,2,28,1,1,1,0,6,1,5,5
562,55,90,13,4,1,38,1,0,1,0,1,1,12,11
562,80,104,12,11,5,28,1,0,1,0,1,,12,12
357,70,115,13,5,2,30,1,0,1,1,6,7,,
1009,40,118,16,11,12,32,1,0,1,0,0,1,12,10
1442,40,108,12,17,17,36,1,0,1,1,1,1,9,12
651,40,76,11,11,2,29,1,1,0,1,7,7,10,11
750,40,50,12,14,5,32,1,1,1,0,10,,3,
754,40,55,12,13,14,33,1,1,1,0,2,1,10,
700,40,73,12,17,9,38,1,1,1,0,8,3,,
503,40,84,11,11,2,30,0,1,0,1,3,,9,9
937,40,104,12,14,15,32,1,0,1,0,1,2,12,9
624,40,92,10,18,10,36,1,0,1,0,2,3,10,6
750,40,83,12,4,10,32,1,1,1,0,7,1,10,6
900,40,98,14,1,8,30,1,1,1,0,7,2,10,6
540,40,70,10,12,10,29,1,1,1,0,9,,10,7
642,35,87,13,9,3,30,1,0,1,0,10,10,4,10
400,50,96,15,6,10,28,0,0,1,0,5,,12,
900,40,80,10,15,14,38,1,0,1,0,3,3,12,10
513,40,104,16,8,10,33,1,0,1,0,5,2,12,10
894,40,104,18,7,10,35,1,0,1,0,7,8,9,8
1282,60,96,18,7,5,32,1,0,1,1,4,2,12,18
485,40,89,12,10,9,30,0,0,1,0,4,3,12,18
325,55,113,12,11,5,29,1,0,1,0,1,2,10,13
769,45,105,12,16,5,33,1,0,1,0,4,1,7,7
618,40,84,14,6,8,31,0,0,1,1,7,8,7,4
1040,48,108,12,16,17,35,1,0,1,1,6,7,7,3
751,40,104,12,15,4,34,1,0,1,1,4,3,8,3
380,50,106,12,15,11,30,1,0,1,0,2,1,7,7
300,24,83,12,16,3,37,1,1,1,1,4,1,3,
753,46,70,10,21,7,38,1,0,1,1,4,2,12,7
1065,65,104,16,10,11,34,1,0,1,1,2,3,11,12
1070,40,91,12,13,1,30,1,0,0,1,1,2,14,12
1573,55,112,18,7,8,34,1,0,1,1,1,1,14,18
650,40,97,10,14,9,30,1,0,1,0,5,1,12,9
700,45,99,12,15,7,32,1,0,1,0,4,2,10,10
494,40,74,12,16,4,34,1,1,1,0,5,,,
890,48,100,12,4,8,31,1,0,1,0,0,1,,
520,40,86,10,15,12,31,1,0,1,0,0,1,6,
891,40,90,12,16,16,32,1,0,1,0,5,5,12,9
570,50,101,12,11,12,30,1,0,0,1,2,3,12,
1444,40,109,15,11,1,29,1,0,1,1,2,1,11,9
481,48,98,12,14,2,31,0,1,0,1,4,3,,
500,44,107,12,21,12,38,1,0,1,0,2,,12,7
1473,40,110,16,15,15,36,1,0,1,0,1,2,12,14
803,40,120,13,4,1,28,1,0,1,1,3,4,10,12
962,50,97,16,7,2,30,1,0,1,1,0,1,12,12
1000,44,103,12,9,5,29,1,0,1,1,0,1,11,
600,40,114,16,5,4,30,1,0,1,1,2,1,12,12
450,40,95,11,12,2,30,1,0,1,0,2,3,8,8
629,60,93,12,6,1,30,1,1,1,0,8,3,10,6
492,60,67,12,15,2,34,1,1,1,0,3,,8,
1562,40,97,17,7,2,32,1,0,1,1,5,1,12,13
357,70,97,14,6,3,28,1,0,1,0,1,2,13,16
960,40,83,13,14,13,32,1,0,1,1,4,,10,
566,45,104,16,5,2,32,1,0,1,0,1,2,12,12
481,40,82,12,9,2,32,1,0,1,0,2,2,12,8
1442,40,113,16,8,10,35,1,0,1,1,2,2,8,8
645,45,93,12,11,3,35,1,0,1,0,7,7,7,8
788,40,100,11,15,6,32,1,1,1,0,5,,9,
644,42,101,12,11,5,33,1,0,1,0,4,3,12,
477,45,100,12,9,3,31,1,0,1,0,3,3,7,7
664,60,82,16,10,9,34,1,1,1,1,3,4,16,16
520,40,79,16,6,1,30,1,1,1,0,0,1,11,
1202,40,102,13,10,3,31,1,0,1,1,7,7,8,6
538,45,77,12,12,10,28,1,1,1,0,9,,7,
873,44,109,12,12,12,28,1,0,1,0,1,1,,11
1000,40,107,12,17,18,35,1,0,1,0,5,1,,
